{
  "best_global_step": null,
  "best_metric": null,
  "best_model_checkpoint": null,
  "epoch": 1.0,
  "eval_steps": 500,
  "global_step": 223,
  "is_hyper_param_search": false,
  "is_local_process_zero": true,
  "is_world_process_zero": true,
  "log_history": [
    {
      "epoch": 0.2247191011235955,
      "grad_norm": 0.3778921365737915,
      "learning_rate": 0.00015874439461883408,
      "loss": 0.8399,
      "step": 50
    },
    {
      "epoch": 0.449438202247191,
      "grad_norm": 0.28099581599235535,
      "learning_rate": 0.00011390134529147982,
      "loss": 0.5112,
      "step": 100
    },
    {
      "epoch": 0.6741573033707865,
      "grad_norm": 0.36679378151893616,
      "learning_rate": 6.905829596412556e-05,
      "loss": 0.454,
      "step": 150
    },
    {
      "epoch": 0.898876404494382,
      "grad_norm": 0.3167828321456909,
      "learning_rate": 2.4215246636771303e-05,
      "loss": 0.511,
      "step": 200
    }
  ],
  "logging_steps": 50,
  "max_steps": 223,
  "num_input_tokens_seen": 0,
  "num_train_epochs": 1,
  "save_steps": 500,
  "stateful_callbacks": {
    "TrainerControl": {
      "args": {
        "should_epoch_stop": false,
        "should_evaluate": false,
        "should_log": false,
        "should_save": true,
        "should_training_stop": true
      },
      "attributes": {}
    }
  },
  "total_flos": 1099557223710720.0,
  "train_batch_size": 1,
  "trial_name": null,
  "trial_params": null
}
