{
  "best_global_step": null,
  "best_metric": null,
  "best_model_checkpoint": null,
  "epoch": 1.0,
  "eval_steps": 500,
  "global_step": 223,
  "is_hyper_param_search": false,
  "is_local_process_zero": true,
  "is_world_process_zero": true,
  "log_history": [
    {
      "epoch": 0.2247191011235955,
      "grad_norm": 0.31036946177482605,
      "learning_rate": 0.00015784753363228698,
      "loss": 0.7991,
      "step": 50
    },
    {
      "epoch": 0.449438202247191,
      "grad_norm": 0.3168500065803528,
      "learning_rate": 0.00011300448430493274,
      "loss": 0.5511,
      "step": 100
    },
    {
      "epoch": 0.6741573033707865,
      "grad_norm": 0.3287372887134552,
      "learning_rate": 6.816143497757848e-05,
      "loss": 0.4576,
      "step": 150
    },
    {
      "epoch": 0.898876404494382,
      "grad_norm": 0.2658112645149231,
      "learning_rate": 2.3318385650224218e-05,
      "loss": 0.4701,
      "step": 200
    }
  ],
  "logging_steps": 50,
  "max_steps": 223,
  "num_input_tokens_seen": 0,
  "num_train_epochs": 1,
  "save_steps": 500,
  "stateful_callbacks": {
    "TrainerControl": {
      "args": {
        "should_epoch_stop": false,
        "should_evaluate": false,
        "should_log": false,
        "should_save": true,
        "should_training_stop": true
      },
      "attributes": {}
    }
  },
  "total_flos": 1096029862195200.0,
  "train_batch_size": 1,
  "trial_name": null,
  "trial_params": null
}
