{
  "best_global_step": null,
  "best_metric": null,
  "best_model_checkpoint": null,
  "epoch": 1.0,
  "eval_steps": 500,
  "global_step": 223,
  "is_hyper_param_search": false,
  "is_local_process_zero": true,
  "is_world_process_zero": true,
  "log_history": [
    {
      "epoch": 0.2247191011235955,
      "grad_norm": 0.3703879117965698,
      "learning_rate": 0.00015605381165919284,
      "loss": 0.823,
      "step": 50
    },
    {
      "epoch": 0.449438202247191,
      "grad_norm": 0.293460875749588,
      "learning_rate": 0.00011121076233183858,
      "loss": 0.4573,
      "step": 100
    },
    {
      "epoch": 0.6741573033707865,
      "grad_norm": 0.31448134779930115,
      "learning_rate": 6.636771300448431e-05,
      "loss": 0.4269,
      "step": 150
    },
    {
      "epoch": 0.898876404494382,
      "grad_norm": 0.40199095010757446,
      "learning_rate": 2.1524663677130047e-05,
      "loss": 0.5194,
      "step": 200
    }
  ],
  "logging_steps": 50,
  "max_steps": 223,
  "num_input_tokens_seen": 0,
  "num_train_epochs": 1,
  "save_steps": 500,
  "stateful_callbacks": {
    "TrainerControl": {
      "args": {
        "should_epoch_stop": false,
        "should_evaluate": false,
        "should_log": false,
        "should_save": true,
        "should_training_stop": true
      },
      "attributes": {}
    }
  },
  "total_flos": 1093731525304320.0,
  "train_batch_size": 1,
  "trial_name": null,
  "trial_params": null
}
