{
  "Simple Baseline (TF-IDF)": {
    "rouge1": 0.5370802109641766,
    "rouge2": 0.4289746364005325,
    "rougeL": 0.4085721390237323,
    "bleu": 0.31981489906414756,
    "bertscore_precision": 0.7618020570278168,
    "bertscore_recall": 0.7043744778633118,
    "bertscore_f1": 0.7309468364715577
  },
  "Stronger Baseline (TextRank)": {
    "rouge1": 0.6568718280564684,
    "rouge2": 0.6154725892568695,
    "rougeL": 0.48743300909879816,
    "bleu": 0.3872797567006273,
    "bertscore_precision": 0.8723064982891082,
    "bertscore_recall": 0.7516247916221619,
    "bertscore_f1": 0.8063462519645691
  },
  "BART (Pure, single-pass)": {
    "rouge1": 0.3993763454127312,
    "rouge2": 0.26850754713655467,
    "rougeL": 0.28391001195902804,
    "bleu": 0.11209349236116443,
    "bertscore_precision": 0.7486165571212768,
    "bertscore_recall": 0.6403863966464997,
    "bertscore_f1": 0.6892671525478363
  },
  "BART (Full Pipeline, no RAG)": {
    "rouge1": 0.3993763454127312,
    "rouge2": 0.26850754713655467,
    "rougeL": 0.28391001195902804,
    "bleu": 0.11209349236116443,
    "bertscore_precision": 0.7486165571212768,
    "bertscore_recall": 0.6403863966464997,
    "bertscore_f1": 0.6892671525478363
  },
  "BART (Full Pipeline + RAG)": {
    "rouge1": 0.4001865331797451,
    "rouge2": 0.28701524860308736,
    "rougeL": 0.3086691350857368,
    "bleu": 0.12375793684628661,
    "bertscore_precision": 0.7478071689605713,
    "bertscore_recall": 0.6403271591663361,
    "bertscore_f1": 0.6888200032711029
  },
  "BART (Full Pipeline + Hybrid)": {
    "rouge1": 0.5296483548512847,
    "rouge2": 0.45530725195893335,
    "rougeL": 0.38829242420937254,
    "bleu": 0.18612755020707955,
    "bertscore_precision": 0.8450669360160827,
    "bertscore_recall": 0.6863488388061524,
    "bertscore_f1": 0.7565252768993378
  },
  "BART (Full Pipeline + LoRA)": {
    "rouge1": 0.5539111343984088,
    "rouge2": 0.44027097879263094,
    "rougeL": 0.40510786050099307,
    "bleu": 0.3283198463267962,
    "bertscore_precision": 0.7679715406894684,
    "bertscore_recall": 0.7200734484195709,
    "bertscore_f1": 0.7425638949871063
  },
  "BART (Full Pipeline + Hybrid + LoRA)": {
    "rouge1": 0.6513401467061571,
    "rouge2": 0.6118212959453843,
    "rougeL": 0.5080684585571679,
    "bleu": 0.3464945097465394,
    "bertscore_precision": 0.8856590986251831,
    "bertscore_recall": 0.7492286038398742,
    "bertscore_f1": 0.8109563267230988
  }
}